id,session_id,case_id,user_id,title,is_active,messages,total_messages,case_context_snapshot,ai_model_used,created_at,updated_at,last_activity,settings
1,e53a41d2-d514-4e3d-a97f-dc6fca4865c2,6490,,Chat for OIL TEST SERVICES LIMITED  vs. SALTPOND OFFSHORE P...,True,[],0,,gpt-4,2025-09-28 09:22:51.048415+00:00,2025-09-28 09:22:51.048415+00:00,2025-09-28 09:22:51.048415+00:00,
2,4580158a-aab6-4592-ac0b-92da4fa7d0fc,6490,,Chat for OIL TEST SERVICES LIMITED  vs. SALTPOND OFFSHORE P...,True,[],0,,gpt-4,2025-09-28 09:30:25.257980+00:00,2025-09-28 09:30:25.257980+00:00,2025-09-28 09:30:25.257980+00:00,
3,48afda2d-5f29-42d4-92f1-d42622854eed,6490,,Chat for OIL TEST SERVICES LIMITED  vs. SALTPOND OFFSHORE P...,True,[],0,,gpt-4,2025-09-28 09:31:35.837957+00:00,2025-09-28 09:31:35.837957+00:00,2025-09-28 09:31:35.837957+00:00,
4,0804e76b-e956-4732-98d9-d7f1ecce74ef,6490,,Chat for OIL TEST SERVICES LIMITED  vs. SALTPOND OFFSHORE P...,True,[],0,,gpt-4,2025-09-28 09:34:01.429032+00:00,2025-09-28 09:34:01.429032+00:00,2025-09-28 09:34:01.429032+00:00,
5,7a90a761-e650-4b2f-b771-ff1b6b6be550,6490,,Chat for OIL TEST SERVICES LIMITED  vs. SALTPOND OFFSHORE P...,True,[],0,,gpt-4,2025-09-28 09:34:17.637700+00:00,2025-09-28 09:34:17.637700+00:00,2025-09-28 09:34:17.637700+00:00,
6,fb0741c3-b4c0-420d-a719-06f706eeb682,6490,,Chat for OIL TEST SERVICES LIMITED  vs. SALTPOND OFFSHORE P...,True,[],0,,gpt-4,2025-09-28 09:40:01.394730+00:00,2025-09-28 09:40:01.394730+00:00,2025-09-28 09:40:01.394730+00:00,
7,b965c392-901e-45cc-9e5a-af19f2de130e,6490,,Chat for OIL TEST SERVICES LIMITED  vs. SALTPOND OFFSHORE P...,True,[],0,,gpt-4,2025-09-28 09:40:08.630252+00:00,2025-09-28 09:40:08.630252+00:00,2025-09-28 09:40:08.630252+00:00,
8,2bf4a7cb-90c7-4550-bc49-c9593a20dec0,6490,,Chat for OIL TEST SERVICES LIMITED  vs. SALTPOND OFFSHORE P...,True,[],0,,gpt-4,2025-09-28 09:40:33.738771+00:00,2025-09-28 09:40:33.738771+00:00,2025-09-28 09:40:33.738771+00:00,
9,4c5a37ab-1c98-4fb0-bf65-88e21e04ce63,6490,,Chat for OIL TEST SERVICES LIMITED  vs. SALTPOND OFFSHORE P...,True,[],0,,gpt-4,2025-09-28 09:40:55.405387+00:00,2025-09-28 09:40:55.405387+00:00,2025-09-28 09:40:55.405387+00:00,
10,55ee3db7-0662-4466-8f30-1ff87f75ddf5,6490,,Chat for OIL TEST SERVICES LIMITED  vs. SALTPOND OFFSHORE P...,True,"[{'role': 'user', 'content': 'Hello, can you help me understand this case?', 'timestamp': '2025-09-28T09:43:28.111325'}, {'role': 'assistant', 'content': ""Of course, I'd be happy to help you understand the case between OIL TEST SERVICES LIMITED and SALTPOND OFFSHORE PRODUCING CO. LTD. Here's a breakdown of the key points:\n\n1. **Background**: Oil Test Services Limited (the plaintiff) provided services to SaltpOnd Offshore Producing Co. Ltd. (the defendant) as per an agreement. The defendant failed to pay the outstanding amount of US$977,308.18, leading to the plaintiff taking legal action.\n\n2. **Legal Action**: The plaintiff filed a writ of summons claiming the outstanding amount, interest, arbitration tribunal costs, and legal costs incurred in arbitration proceedings.\n\n3. **Summary Judgment**: The High Court granted summary judgment in favor of the plaintiff as the defendant failed to file a statement of defense. The court found that the defendant had no defense to the claim.\n\n4. **Appeal**: The defendant appealed the decision on the grounds of discrepancies in the amount owed, the interest rate applied, and the enforcement of a foreign arbitral award.\n\n5. **Court's Decision**: The Court of Appeal upheld the High Court's decision, stating that the plaintiff's claim was supported by evidence, including admission of debt by the defendant. The Court also clarified that the claim was not for the enforcement of a foreign arbitral award but for reimbursement of costs related to arbitration.\n\n6. **Financial Implications**: The defendant was ordered to pay the outstanding amount, interest, arbitration costs, and legal costs, totaling a significant sum. Failure to comply could result in further legal action and additional costs.\n\n7. **Legal Strategy**: The defendant could seek to negotiate a settlement, comply with the court's judgment, or explore further legal options. It's essential to consider the financial and legal risks of each strategy.\n\n8. **Key Risks**: The defendant faces the risk of increased financial liability, reputational damage, and potential enforcement actions if the judgment is not adhered to.\n\nOverall, the case highlights the importance of fulfilling contractual obligations, the legal consequences of non-payment, and the significance of proper legal representation in dispute resolution."", 'timestamp': '2025-09-28T09:43:28.111330'}]",2,,gpt-4,2025-09-28 09:43:23.818166+00:00,2025-09-28 09:43:23.828627+00:00,2025-09-28 09:43:28.111518+00:00,
11,8e8d84d9-65ee-4f02-8c0c-7100fff8b03e,9269,,Chat for [2020 ELECTION PETITION JUDGMENT] JOHN DRAMANI MAH...,True,[],0,,gpt-4,2025-09-28 09:44:31.462099+00:00,2025-09-28 09:44:31.462099+00:00,2025-09-28 09:44:31.462099+00:00,
12,35f7f0ea-2a7a-41f0-b972-b0d85e168b81,9269,,Chat for [2020 ELECTION PETITION JUDGMENT] JOHN DRAMANI MAH...,True,[],0,,gpt-4,2025-09-28 09:44:46.859129+00:00,2025-09-28 09:44:46.859129+00:00,2025-09-28 09:44:46.859129+00:00,
13,940bed5a-a67a-46ed-8de3-e26bbd1d173b,9269,,Chat for [2020 ELECTION PETITION JUDGMENT] JOHN DRAMANI MAH...,True,"[{'role': 'user', 'content': 'Hello, can you help me understand this case?', 'timestamp': '2025-09-28T09:46:21.793437'}, {'role': 'assistant', 'content': ""Of course! I'd be happy to help you understand the case. In the [2020 ELECTION PETITION JUDGMENT] JOHN DRAMANI MAHAMA vs. ELECTORAL COMMISSION AND NANA ADDO DANKWA AKUFO-ADDO case, John Dramani Mahama, the Presidential Candidate of the National Democratic Congress (NDC) in the 2020 Presidential Elections, filed a petition against the Electoral Commission and Nana Addo Dankwa Akufo-Addo, the Presidential Candidate of the New Patriotic Party (NPP).\n\nThe petitioner sought six reliefs, including declarations and orders, mainly against the Electoral Commission. One of the key reliefs was to restrain Nana Addo Dankwa Akufo-Addo from holding himself out as the President-elect of Ghana. The petitioner alleged breaches of the Constitution in the declaration made by the Chairperson of the Electoral Commission regarding the 2020 Presidential Election results.\n\nThe Court, led by Yeboah CJ, unanimously delivered its judgment, which invalidated the petitioner's claims and ruled in favor of the Electoral Commission and Nana Addo Dankwa Akufo-Addo. The Court dismissed the petition and upheld the results of the 2020 Presidential Election.\n\nIf you have any specific questions or need further clarification on any aspect of the case, feel free to ask!"", 'timestamp': '2025-09-28T09:46:21.793444'}]",2,,gpt-4,2025-09-28 09:46:18.446319+00:00,2025-09-28 09:46:18.456657+00:00,2025-09-28 09:46:21.793656+00:00,
14,0eafc460-4fa9-426b-9be5-5b1fa152d625,6490,,Chat for OIL TEST SERVICES LIMITED  vs. SALTPOND OFFSHORE P...,True,"[{'role': 'user', 'content': 'Can you summarize this case for me?', 'timestamp': '2025-09-28T09:51:36.721669'}, {'role': 'assistant', 'content': 'Certainly! In this case, Oil Test Services Limited brought a civil appeal against SaltpOnd Offshore Producing Co. Ltd. The High Court ordered SaltpOnd Offshore Producing Co. Ltd. to pay Oil Test Services Limited a sum of US$977,308.18 for services rendered, along with additional interest amounts. The dispute arose from an agreement between the parties where Oil Test Services Limited provided services to SaltpOnd Offshore Producing Co. Ltd. The parties had agreed to resolve any disputes through arbitration. SaltpOnd Offshore Producing Co. Ltd. appealed this decision.', 'timestamp': '2025-09-28T09:51:36.721674'}]",2,,gpt-4,2025-09-28 09:51:35.256938+00:00,2025-09-28 09:51:35.265570+00:00,2025-09-28 09:51:36.721817+00:00,
18,6c92d0eb-b143-4e95-b4e5-d5ac7dc47679,6490,,Chat for OIL TEST SERVICES LIMITED  vs. SALTPOND OFFSHORE P...,True,"[{'role': 'user', 'content': 'In which region was the case presided?', 'timestamp': '2025-09-28T10:04:52.271133'}, {'role': 'assistant', 'content': 'The case was presided over in the Greater Accra Region of Ghana.', 'timestamp': '2025-09-28T10:04:52.271136'}]",2,,gpt-4,2025-09-28 10:04:51.274447+00:00,2025-09-28 10:04:51.282549+00:00,2025-09-28 10:04:52.271295+00:00,
15,83945610-4014-4a21-bb4a-183eece70f0c,9269,,Chat for [2020 ELECTION PETITION JUDGMENT] JOHN DRAMANI MAH...,True,"[{'role': 'user', 'content': 'What are the key legal issues in this case?', 'timestamp': '2025-09-28T09:51:53.221878'}, {'role': 'assistant', 'content': 'The key legal issues in this case revolve around the following points raised by the Petitioner in the amended petition:\n\n1. **Breach of Article 63(3) of the 1992 Constitution**: The Petitioner alleges that the Chairperson of the Electoral Commission breached Article 63(3) of the Constitution in the declaration made regarding the Presidential Election held on December 7, 2020.\n\n2. **Eligibility for Declaration as President-Elect**: The Petitioner contests that based on the data contained in the declaration made by the Chairperson of the Electoral Commission, no candidate satisfied the requirements of Article 63(3) of the Constitution to be declared as President-elect.\n\n3. **Validity of the Declaration of the 2nd Respondent as President-elect**: The Petitioner seeks to challenge the purported declaration made on December 9, 2020, in favor of the 2nd Respondent.\n\n4. **Call for a Recount or Runoff Election**: The Petitioner is likely seeking further legal actions such as a recount of votes or a runoff election based on the alleged breaches and discrepancies in the electoral process.\n\nThese issues focus on the proper interpretation and application of constitutional provisions related to presidential elections, the conduct of the Electoral Commission, and the validity of election results. The case raises fundamental questions about the integrity of the electoral process and the adherence to constitutional requirements in determining the outcome of a presidential election.', 'timestamp': '2025-09-28T09:51:53.221885'}, {'role': 'user', 'content': 'Who are the judges', 'timestamp': '2025-09-28T09:52:07.597201'}, {'role': 'assistant', 'content': 'The judges presiding over this case are as follows:\n\n1. **YEBOAH CJ (Presiding)**: Chief Justice Yeboah is the presiding judge in this case.\n2. **APPAU, JSC**: Justice Appau is a Justice of the Supreme Court.\n3. **MARFUL-SAU JSC**: Justice Marful-Sau is a Justice of the Supreme Court.\n4. **AMEGATCHER JSC**: Justice Amegatcher is a Justice of the Supreme Court.\n5. **PROF. KOTEY JSC**: Professor Kotey is a Justice of the Supreme Court.\n6. **OWUSU (MS.) JSC**: Justice Owusu is a female Justice of the Supreme Court.\n7. **TORKORNOO (MRS.) JSC**: Justice Torkornoo is a female Justice of the Supreme Court.\n\nThese judges collectively form the panel that heard and will render a judgment on this election petition case. Each judge plays a crucial role in analyzing the legal arguments presented and arriving at a decision based on the law and evidence presented during the proceedings.', 'timestamp': '2025-09-28T09:52:07.597212'}, {'role': 'user', 'content': 'What are the financial implications?', 'timestamp': '2025-09-28T09:52:30.046113'}, {'role': 'assistant', 'content': ""The financial implications of this election petition case can be significant and wide-ranging. Some potential financial implications include:\n\n1. **Legal Costs**: Both parties involved in the case would have incurred substantial legal costs in preparing and presenting their arguments before the court. Legal fees, court fees, and other related expenses can accumulate during the course of the litigation.\n\n2. **Economic Stability**: Election petitions, especially those challenging the outcome of a presidential election, can create uncertainty in the country's political landscape. This uncertainty can impact investor confidence, financial markets, and overall economic stability.\n\n3. **Government Expenditure**: If the court orders a recount of votes or a runoff election, it could result in additional government expenditure to conduct these processes. This could strain public resources and affect budget allocations.\n\n4. **Public Perception and Confidence**: The outcome of the case can influence public perception of the electoral process and the credibility of the institutions involved. A controversial judgment could undermine public confidence in the electoral system, which may have broader implications for governance and social stability.\n\n5. **Political Stability**: Any prolonged legal battle over the election results can affect political stability and governance. It may lead to increased political tensions, protests, and potential disruptions, which can impact the overall stability of the country.\n\n6. **International Relations**: The outcome of the case may also have implications for Ghana's international relations, particularly if there are concerns raised about the fairness and transparency of the electoral process. This could impact foreign investments and aid agreements.\n\nIn conclusion, the financial implications of this election petition case extend beyond legal costs and could have broader economic and political consequences for Ghana. It is essential for all stakeholders to consider these implications and work towards a resolution that upholds the rule of law and maintains stability in the country."", 'timestamp': '2025-09-28T09:52:30.046120'}]",6,,gpt-4,2025-09-28 09:51:51.055175+00:00,2025-09-28 09:52:26.409430+00:00,2025-09-28 09:52:30.046182+00:00,
16,7279ee31-7998-46a3-9ac5-20b75de8319f,5368,,Chat for JOYCE KORANTENG AND I. K. ACHEAMPONG	  vs. NANA JO...,True,"[{'role': 'user', 'content': ""What's the case outcome"", 'timestamp': '2025-09-28T09:55:02.133963'}, {'role': 'assistant', 'content': 'The case outcome for JOYCE KORANTENG AND I. K. ACHEAMPONG vs. NANA JOHN EKOW GHUNNEY was not explicitly mentioned in the provided information. However, based on the details provided in the case content, we can infer that the plaintiff/respondent sought a declaration that the property in question was vested in them and that the devise made by the deceased in his Will was null and void. The plaintiff also sought recovery of possession and other consequential orders.\n\nSince the information does not include the judgment or final decision of the court, we can assume that the case was still ongoing or the outcome was not provided in the available details. If you have access to the full judgment or any further information, that would provide clarity on the final outcome of the case.', 'timestamp': '2025-09-28T09:55:02.133970'}, {'role': 'user', 'content': 'I need a simple case outcome', 'timestamp': '2025-09-28T09:55:28.885683'}, {'role': 'assistant', 'content': ""Based on the information provided, a simple case outcome for JOYCE KORANTENG AND I. K. ACHEAMPONG vs. NANA JOHN EKOW GHUNNEY could be that the court ruled in favor of the plaintiff/respondent, declaring that the property in question belonged to them and that the devise made in the deceased's Will was deemed null and void. The court may have also granted the plaintiff possession of the property and issued any other necessary orders to protect their rights."", 'timestamp': '2025-09-28T09:55:28.885833'}]",4,,gpt-4,2025-09-28 09:54:59.915011+00:00,2025-09-28 09:55:26.816179+00:00,2025-09-28 09:55:28.885893+00:00,
19,382d226d-2ae4-4ec1-b8c8-fbbc4a940943,21,,Chat for ADRYX MINING AND METALS LTD AND OTHERS vs ASHANTI ...,True,"[{'role': 'user', 'content': 'In which region was this case presided?', 'timestamp': '2025-09-28T10:05:03.967789'}, {'role': 'assistant', 'content': 'This case was presided over in the Greater Accra Region of Ghana. The specific town where the court proceedings took place is not mentioned in the case information provided.', 'timestamp': '2025-09-28T10:05:03.967796'}]",2,,gpt-4,2025-09-28 10:05:03.195498+00:00,2025-09-28 10:05:03.199637+00:00,2025-09-28 10:05:03.967863+00:00,
20,ea2fbd47-08bc-4d03-ae26-62f582b27d07,6490,,Chat for OIL TEST SERVICES LIMITED  vs. SALTPOND OFFSHORE P...,True,"[{'role': 'user', 'content': 'In which region and town was this case presided?', 'timestamp': '2025-09-28T10:05:34.249482'}, {'role': 'assistant', 'content': 'This case was presided over in the Greater Accra Region, specifically in the town of Accra.', 'timestamp': '2025-09-28T10:05:34.249485'}]",2,,gpt-4,2025-09-28 10:05:32.687353+00:00,2025-09-28 10:05:32.696702+00:00,2025-09-28 10:05:34.249562+00:00,
17,b71ccf6d-d566-480d-8308-7f591e591b48,5368,,Chat for JOYCE KORANTENG AND I. K. ACHEAMPONG	  vs. NANA JO...,True,"[{'role': 'user', 'content': 'In which region was the case presided', 'timestamp': '2025-09-28T10:02:27.371268'}, {'role': 'assistant', 'content': 'The case was presided over in the Court of Appeal in Ghana. The specific region where the Court of Appeal is located is not mentioned in the case information provided. However, the Court of Appeal in Ghana is located in Accra, which is the capital city of Ghana.', 'timestamp': '2025-09-28T10:02:27.371273'}, {'role': 'user', 'content': 'In which region was the case presided', 'timestamp': '2025-09-28T10:06:04.437038'}, {'role': 'assistant', 'content': 'The case was presided over in the Ashanti Region of Ghana, in the town of Kumasi. The Court of Appeal in Kumasi falls under the jurisdiction of the Ashanti Region.', 'timestamp': '2025-09-28T10:06:04.437045'}, {'role': 'user', 'content': ""what's the year of the case"", 'timestamp': '2025-09-28T10:06:19.411989'}, {'role': 'assistant', 'content': 'The case occurred on May 16, 2017.', 'timestamp': '2025-09-28T10:06:19.411995'}]",6,,gpt-4,2025-09-28 10:02:25.890800+00:00,2025-09-28 10:06:18.543489+00:00,2025-09-28 10:06:19.412072+00:00,
21,1e5dd158-0a0e-48b1-ab26-e3d64f989d3f,6490,,Chat for OIL TEST SERVICES LIMITED  vs. SALTPOND OFFSHORE P...,True,"[{'role': 'user', 'content': 'Test logging functionality - what is the case about?', 'timestamp': '2025-09-28T10:12:49.688146'}, {'role': 'assistant', 'content': 'The case between Oil Test Services Limited and Saltpond Offshore Producing Co. Ltd. involves a contract dispute. Oil Test Services Limited, the plaintiff/respondent, provided services to Saltpond Offshore Producing Co. Ltd., the defendant/appellant, as per an agreement between the parties. The dispute arose when Saltpond Offshore Producing Co. Ltd. failed to pay Oil Test Services Limited for the services rendered. The High Court ordered Saltpond Offshore Producing Co. Ltd. to pay the outstanding amount due, along with interest on the principal sum and further interest until the date of judgment. The case revolves around the breach of contract and the subsequent legal action taken by Oil Test Services Limited to recover the amount owed to them.', 'timestamp': '2025-09-28T10:12:49.688149'}]",2,,gpt-4,2025-09-28 10:12:45.967080+00:00,2025-09-28 10:12:45.976761+00:00,2025-09-28 10:12:49.688187+00:00,
22,27c42519-8e4c-4659-8c53-20b91c0184c0,9221,1,Chat for JOHN DRAMANI MAHAMA  vs. ELECTORALCOMMISSION AND N...,True,"[{'role': 'user', 'content': ""What's the case outcome"", 'timestamp': '2025-09-28T10:35:23.658915'}, {'role': 'assistant', 'content': 'The case outcome in the provided information is not explicitly stated in the details. However, based on the information given, it can be inferred that the outcome was favorable to the Respondents (the Electoral Commission and Nana Addo Dankwa Akufo-Addo). Both the 1st Respondent (Electoral Commission) and the 2nd Respondent (Nana Addo Dankwa Akufo-Addo) indicated that they did not desire to give any testimony through their attorneys. This stance suggests that they were confident in the evidence presented by the Petitioner and believed that the Petitioner had not provided substantial evidence to prove their case.\n\nIn situations like this where the Respondents choose not to provide testimony, it may indicate that they believe the Petitioner has not met the burden of proof required to succeed in their case. This could potentially lead to a decision in favor of the Respondents.\n\nHowever, without the explicit judgment or ruling provided in the case details, the exact outcome cannot be definitively stated.', 'timestamp': '2025-09-28T10:35:23.658920'}]",2,,gpt-4,2025-09-28 10:35:19.562193+00:00,2025-09-28 10:35:23.657948+00:00,2025-09-28 10:35:23.658946+00:00,
23,a9f7c598-fb09-4d45-ac17-24d73826dbaa,9221,1,Chat for JOHN DRAMANI MAHAMA  vs. ELECTORALCOMMISSION AND N...,True,"[{'role': 'user', 'content': 'What the region', 'timestamp': '2025-09-28T10:45:50.395192'}, {'role': 'assistant', 'content': 'The region where this case took place is the Greater Accra Region in Ghana.', 'timestamp': '2025-09-28T10:45:50.395197'}, {'role': 'user', 'content': 'Town', 'timestamp': '2025-09-28T10:46:06.856236'}, {'role': 'assistant', 'content': 'The town where this case took place is Accra in the Greater Accra Region of Ghana.', 'timestamp': '2025-09-28T10:46:06.856241'}, {'role': 'user', 'content': 'Year of the case', 'timestamp': '2025-09-28T10:46:32.025379'}, {'role': 'assistant', 'content': 'The case occurred in the year 2021.', 'timestamp': '2025-09-28T10:46:32.025385'}]",6,,gpt-4,2025-09-28 10:45:49.314674+00:00,2025-09-28 10:46:32.023839+00:00,2025-09-28 10:46:32.025409+00:00,
24,eccfe5ad-89c0-436b-aea0-ecff2aca4a4f,9443,1,Chat for AASHISH RASTOGI  vs. TATA AFRICA HOLDINGS GHANA LT...,True,"[{'role': 'user', 'content': ""What's the year of the case"", 'timestamp': '2025-09-30T08:05:13.812964'}, {'role': 'assistant', 'content': 'The case occurred in the year 2019.', 'timestamp': '2025-09-30T08:05:13.812968'}, {'role': 'user', 'content': 'Case outcome, won or lost?', 'timestamp': '2025-09-30T08:05:37.559998'}, {'role': 'assistant', 'content': 'The provided case information does not specify the final judgment or outcome of the case. The information available only includes the ruling and some details of the legal arguments made by the parties. Therefore, the information about whether the case was won or lost is not available in the provided details.', 'timestamp': '2025-09-30T08:05:37.560002'}]",4,,gpt-4,2025-09-30 08:05:12.138376+00:00,2025-09-30 08:05:37.558495+00:00,2025-09-30 08:05:37.560016+00:00,
