id,name,short_name,logo_url,website,phone,email,address,city,region,country,postal_code,license_number,registration_number,established_date,insurance_type,ownership_type,services,previous_names,coverage_areas,branches_count,agents_count,total_assets,net_worth,premium_income,claims_paid,rating,head_office_address,customer_service_phone,customer_service_email,claims_phone,claims_email,has_mobile_app,has_online_portal,has_online_claims,has_24_7_support,specializes_in,target_market,is_active,is_verified,verification_date,verification_notes,search_count,last_searched,created_at,updated_at,created_by,updated_by,description,notes,status
268,SIC Insurance Company,,/insurances/SIC.jpeg,https://www.sic.com.gh,+233 30 266 2000,info@sic.com.gh,"Head Office, SIC Insurance Company, Accra",,,Ghana,,NIC001,,1966-01-01 00:00:00,General Insurance,,"[""Motor Insurance"", ""Property Insurance"", ""Health Insurance"", ""Life Insurance""]","['SIC Insurance Company Limited', 'SIC Insurance Co. Ltd', 'SIC Insurance', 'SIC Life Insurance Company', 'SIC Life Insurance Co. Ltd', 'SIC Insurance Corporation']","[""Greater Accra"", ""Ashanti"", ""Western"", ""Central"", ""Eastern"", ""Volta"", ""Northern"", ""Upper East"", ""Upper West"", ""Brong Ahafo""]",12,436,3009490000.0,976603000.0,89304000.0,320967000.0,,"Head Office, SIC Insurance Company, Accra",,,,,False,False,True,True,"[""General Insurance"", ""Motor Insurance"", ""Property Insurance""]",Individual and Corporate,True,False,,,8,2025-09-14 18:52:32,2025-09-11 10:55:21,2025-09-14 18:52:32,,,,,ACTIVE
271,Enterprise Life Insurance,,/insurances/ENTERPRISE LIFE.png,https://www.enterpriselife.com.gh,+233 30 266 2003,info@enterpriselife.com.gh,"Head Office, Enterprise Life Insurance, Accra",,,Ghana,,NIC004,,1990-01-01 00:00:00,Life Insurance,,"[""Motor Insurance"", ""Property Insurance"", ""Health Insurance"", ""Life Insurance""]","['Enterprise Life Insurance Company Limited', 'Enterprise Life Insurance Co. Ltd', 'Enterprise Life', 'Enterprise Life Assurance Company', 'Enterprise Life Assurance Co. Ltd', 'Enterprise Life Insurance Corporation']","[""Greater Accra"", ""Ashanti"", ""Western"", ""Central"", ""Eastern"", ""Volta"", ""Northern"", ""Upper East"", ""Upper West"", ""Brong Ahafo""]",7,137,2083200000.0,133088000.0,457843000.0,796726000.0,,"Head Office, Enterprise Life Insurance, Accra",,,,,False,False,True,True,"[""Life Insurance"", ""Motor Insurance"", ""Property Insurance""]",Individual and Corporate,True,False,,,13,2025-09-28 07:23:02.987109,2025-09-11 10:55:21,2025-09-28 07:23:02.987109,,,,,ACTIVE
269,GLICO General Insurance,,/insurances/GLICO GENERAL.png,https://www.glicogeneral.com.gh,+233 30 266 2001,info@glicogeneral.com.gh,"Head Office, GLICO General Insurance, Accra",,,Ghana,,NIC002,,1963-01-01 00:00:00,General Insurance,,"[""Motor Insurance"", ""Property Insurance"", ""Health Insurance"", ""Life Insurance""]",,"[""Greater Accra"", ""Ashanti"", ""Western"", ""Central"", ""Eastern"", ""Volta"", ""Northern"", ""Upper East"", ""Upper West"", ""Brong Ahafo""]",71,680,998415000.0,157533000.0,1166440000.0,80341100.0,,"Head Office, GLICO General Insurance, Accra",,,,,False,False,True,True,"[""General Insurance"", ""Motor Insurance"", ""Property Insurance""]",Individual and Corporate,True,False,,,7,2025-09-28 07:23:08.426408,2025-09-11 10:55:21,2025-09-28 07:23:08.426408,,,,,ACTIVE
270,Metropolitan Insurance Company,,/insurances/METROPOLITAN.jpeg,https://www.metropolitan.com.gh,+233 30 266 2002,info@metropolitan.com.gh,"Head Office, Metropolitan Insurance Company, Accra",,,Ghana,,NIC003,,1978-01-01 00:00:00,Life Insurance,,"[""Motor Insurance"", ""Property Insurance"", ""Health Insurance"", ""Life Insurance""]","['Metropolitan Insurance Company Limited', 'Metropolitan Insurance Ghana', 'MetLife Ghana', 'Metropolitan Insurance Co. Ltd', 'MetLife Insurance Ghana', 'Metropolitan Life Insurance Ghana']","[""Greater Accra"", ""Ashanti"", ""Western"", ""Central"", ""Eastern"", ""Volta"", ""Northern"", ""Upper East"", ""Upper West"", ""Brong Ahafo""]",90,972,2508250000.0,832258000.0,958187000.0,380416000.0,,"Head Office, Metropolitan Insurance Company, Accra",,,,,False,False,True,True,"[""Life Insurance"", ""Motor Insurance"", ""Property Insurance""]",Individual and Corporate,True,False,,,5,2025-09-28 15:26:39.165021,2025-09-11 10:55:21,2025-09-28 15:26:39.165021,,,,,ACTIVE
282,COSMOPOLITAN Insurance,,/insurances/COSMOPOLITAN.png,https://www.cosmopolitan.com.gh,+233 30 266 2014,info@cosmopolitan.com.gh,"Head Office, COSMOPOLITAN Insurance, Accra",,,Ghana,,NIC015,,1989-01-01 00:00:00,General Insurance,,"[""Motor Insurance"", ""Property Insurance"", ""Health Insurance"", ""Life Insurance""]",,"[""Greater Accra"", ""Ashanti"", ""Western"", ""Central"", ""Eastern"", ""Volta"", ""Northern"", ""Upper East"", ""Upper West"", ""Brong Ahafo""]",57,411,761804000.0,417542000.0,1468490000.0,574802000.0,,"Head Office, COSMOPOLITAN Insurance, Accra",,,,,False,False,True,True,"[""General Insurance"", ""Motor Insurance"", ""Property Insurance""]",Individual and Corporate,True,False,,,12,2025-09-28 07:23:02.987109,2025-09-11 10:55:21,2025-09-28 07:23:02.987109,,,,,ACTIVE
284,DOSH Insurance,,/insurances/DOSH.jpeg,https://www.dosh.com.gh,+233 30 266 2016,info@dosh.com.gh,"Head Office, DOSH Insurance, Accra",,,Ghana,,NIC017,,1966-01-01 00:00:00,General Insurance,,"[""Motor Insurance"", ""Property Insurance"", ""Health Insurance"", ""Life Insurance""]",,"[""Greater Accra"", ""Ashanti"", ""Western"", ""Central"", ""Eastern"", ""Volta"", ""Northern"", ""Upper East"", ""Upper West"", ""Brong Ahafo""]",10,908,2768870000.0,189505000.0,1777660000.0,1322830000.0,,"Head Office, DOSH Insurance, Accra",,,,,False,False,True,True,"[""General Insurance"", ""Motor Insurance"", ""Property Insurance""]",Individual and Corporate,True,False,,,16,2025-09-28 07:23:02.987109,2025-09-11 10:55:21,2025-09-28 07:23:02.987109,,,,,ACTIVE
285,ENTERPRISE Insurance,,/insurances/ENTERPRISE.png,https://www.enterprise.com.gh,+233 30 266 2017,info@enterprise.com.gh,"Head Office, ENTERPRISE Insurance, Accra",,,Ghana,,NIC018,,1961-01-01 00:00:00,General Insurance,,"[""Motor Insurance"", ""Property Insurance"", ""Health Insurance"", ""Life Insurance""]",,"[""Greater Accra"", ""Ashanti"", ""Western"", ""Central"", ""Eastern"", ""Volta"", ""Northern"", ""Upper East"", ""Upper West"", ""Brong Ahafo""]",78,271,4484940000.0,493426000.0,213797000.0,498338000.0,,"Head Office, ENTERPRISE Insurance, Accra",,,,,False,False,True,True,"[""General Insurance"", ""Motor Insurance"", ""Property Insurance""]",Individual and Corporate,True,False,,,12,2025-09-28 07:23:02.987109,2025-09-11 10:55:21,2025-09-28 07:23:02.987109,,,,,ACTIVE
283,DONEWELL Insurance,,/insurances/DONEWELL.png,https://www.donewell.com.gh,+233 30 266 2015,info@donewell.com.gh,"Head Office, DONEWELL Insurance, Accra",,,Ghana,,NIC016,,1975-01-01 00:00:00,General Insurance,,"[""Motor Insurance"", ""Property Insurance"", ""Health Insurance"", ""Life Insurance""]",,"[""Greater Accra"", ""Ashanti"", ""Western"", ""Central"", ""Eastern"", ""Volta"", ""Northern"", ""Upper East"", ""Upper West"", ""Brong Ahafo""]",52,469,4624060000.0,876991000.0,907444000.0,91484700.0,,"Head Office, DONEWELL Insurance, Accra",,,,,False,False,True,True,"[""General Insurance"", ""Motor Insurance"", ""Property Insurance""]",Individual and Corporate,True,False,,,13,2025-09-28 07:23:02.987109,2025-09-11 10:55:21,2025-09-28 07:23:02.987109,,,,,ACTIVE
299,MILLENNIUM Insurance,,/insurances/MILLENNIUM.png,https://www.millennium.com.gh,+233 30 266 2031,info@millennium.com.gh,"Head Office, MILLENNIUM Insurance, Accra",,,Ghana,,NIC032,,2006-01-01 00:00:00,General Insurance,,"[""Motor Insurance"", ""Property Insurance"", ""Health Insurance"", ""Life Insurance""]",,"[""Greater Accra"", ""Ashanti"", ""Western"", ""Central"", ""Eastern"", ""Volta"", ""Northern"", ""Upper East"", ""Upper West"", ""Brong Ahafo""]",59,357,2343030000.0,288998000.0,1834260000.0,1002700000.0,,"Head Office, MILLENNIUM Insurance, Accra",,,,,False,False,True,True,"[""General Insurance"", ""Motor Insurance"", ""Property Insurance""]",Individual and Corporate,True,False,,,4,2025-09-14 18:51:07,2025-09-11 10:55:21,2025-09-14 18:51:07,,,,,ACTIVE
292,GLICO Insurance,,/insurances/GLICO.png,https://www.glico.com.gh,+233 30 266 2024,info@glico.com.gh,"Head Office, GLICO Insurance, Accra",,,Ghana,,NIC025,,2016-01-01 00:00:00,General Insurance,,"[""Motor Insurance"", ""Property Insurance"", ""Health Insurance"", ""Life Insurance""]",,"[""Greater Accra"", ""Ashanti"", ""Western"", ""Central"", ""Eastern"", ""Volta"", ""Northern"", ""Upper East"", ""Upper West"", ""Brong Ahafo""]",97,347,2925770000.0,302713000.0,1860110000.0,737800000.0,,"Head Office, GLICO Insurance, Accra",,,,,False,False,True,True,"[""General Insurance"", ""Motor Insurance"", ""Property Insurance""]",Individual and Corporate,True,False,,,7,2025-09-28 07:23:08.426408,2025-09-11 10:55:21,2025-09-28 07:23:08.426408,,,,,ACTIVE
295,IMPACT LIFE INSURANCE,,/insurances/IMPACT LIFE INSURANCE.jpeg,https://www.impactlife.com.gh,+233 30 266 2027,info@impactlife.com.gh,"Head Office, IMPACT LIFE INSURANCE, Accra",,,Ghana,,NIC028,,2005-01-01 00:00:00,Life Insurance,,"[""Motor Insurance"", ""Property Insurance"", ""Health Insurance"", ""Life Insurance""]",,"[""Greater Accra"", ""Ashanti"", ""Western"", ""Central"", ""Eastern"", ""Volta"", ""Northern"", ""Upper East"", ""Upper West"", ""Brong Ahafo""]",12,962,956831000.0,168176000.0,608731000.0,457056000.0,,"Head Office, IMPACT LIFE INSURANCE, Accra",,,,,False,False,True,True,"[""Life Insurance"", ""Motor Insurance"", ""Property Insurance""]",Individual and Corporate,True,False,,,9,2025-09-28 07:23:08.426408,2025-09-11 10:55:21,2025-09-28 07:23:08.426408,,,,,ACTIVE
296,IMPERIAL Insurance,,/insurances/IMPERIAL.jpeg,https://www.imperial.com.gh,+233 30 266 2028,info@imperial.com.gh,"Head Office, IMPERIAL Insurance, Accra",,,Ghana,,NIC029,,1991-01-01 00:00:00,General Insurance,,"[""Motor Insurance"", ""Property Insurance"", ""Health Insurance"", ""Life Insurance""]",,"[""Greater Accra"", ""Ashanti"", ""Western"", ""Central"", ""Eastern"", ""Volta"", ""Northern"", ""Upper East"", ""Upper West"", ""Brong Ahafo""]",10,148,3257050000.0,815726000.0,629210000.0,440804000.0,,"Head Office, IMPERIAL Insurance, Accra",,,,,False,False,True,True,"[""General Insurance"", ""Motor Insurance"", ""Property Insurance""]",Individual and Corporate,True,False,,,6,2025-09-28 07:23:08.426408,2025-09-11 10:55:21,2025-09-28 07:23:08.426408,,,,,ACTIVE
298,MILIFE Insurance,,/insurances/MILIFE.png,https://www.milife.com.gh,+233 30 266 2030,info@milife.com.gh,"Head Office, MILIFE Insurance, Accra",,,Ghana,,NIC031,,1982-01-01 00:00:00,Life Insurance,,"[""Motor Insurance"", ""Property Insurance"", ""Health Insurance"", ""Life Insurance""]",,"[""Greater Accra"", ""Ashanti"", ""Western"", ""Central"", ""Eastern"", ""Volta"", ""Northern"", ""Upper East"", ""Upper West"", ""Brong Ahafo""]",61,180,400796000.0,72639100.0,1866030000.0,1358400000.0,,"Head Office, MILIFE Insurance, Accra",,,,,False,False,True,True,"[""Life Insurance"", ""Motor Insurance"", ""Property Insurance""]",Individual and Corporate,True,False,,,5,2025-09-27 21:41:48.525231,2025-09-11 10:55:21,2025-09-27 21:41:48.525231,,,,,ACTIVE
297,LOYALTY Insurance,,/insurances/LOYALTY.jpeg,https://www.loyalty.com.gh,+233 30 266 2029,info@loyalty.com.gh,"Head Office, LOYALTY Insurance, Accra",,,Ghana,,NIC030,,1969-01-01 00:00:00,General Insurance,,"[""Motor Insurance"", ""Property Insurance"", ""Health Insurance"", ""Life Insurance""]",,"[""Greater Accra"", ""Ashanti"", ""Western"", ""Central"", ""Eastern"", ""Volta"", ""Northern"", ""Upper East"", ""Upper West"", ""Brong Ahafo""]",93,319,3512210000.0,137809000.0,859968000.0,216262000.0,,"Head Office, LOYALTY Insurance, Accra",,,,,False,False,True,True,"[""General Insurance"", ""Motor Insurance"", ""Property Insurance""]",Individual and Corporate,True,False,,,6,2025-09-28 07:23:08.426408,2025-09-11 10:55:21,2025-09-28 07:23:08.426408,,,,,ACTIVE
289,GHANA LIFE INSURANCE,,/insurances/GHANA LIFE INSURANCE.png,https://www.ghanalife.com.gh,+233 30 266 2021,info@ghanalife.com.gh,"Head Office, GHANA LIFE INSURANCE, Accra",,,Ghana,,NIC022,,1972-01-01 00:00:00,Life Insurance,,"[""Motor Insurance"", ""Property Insurance"", ""Health Insurance"", ""Life Insurance""]",,"[""Greater Accra"", ""Ashanti"", ""Western"", ""Central"", ""Eastern"", ""Volta"", ""Northern"", ""Upper East"", ""Upper West"", ""Brong Ahafo""]",67,952,4240290000.0,590818000.0,1614020000.0,205200000.0,,"Head Office, GHANA LIFE INSURANCE, Accra",,,,,False,False,True,True,"[""Life Insurance"", ""Motor Insurance"", ""Property Insurance""]",Individual and Corporate,True,False,,,16,2025-09-28 07:23:02.987109,2025-09-11 10:55:21,2025-09-28 07:23:02.987109,,,,,ACTIVE
301,NSIA Insurance,,/insurances/NSIA.jpeg,https://www.nsia.com.gh,+233 30 266 2033,info@nsia.com.gh,"Head Office, NSIA Insurance, Accra",,,Ghana,,NIC034,,1986-01-01 00:00:00,General Insurance,,"[""Motor Insurance"", ""Property Insurance"", ""Health Insurance"", ""Life Insurance""]",,"[""Greater Accra"", ""Ashanti"", ""Western"", ""Central"", ""Eastern"", ""Volta"", ""Northern"", ""Upper East"", ""Upper West"", ""Brong Ahafo""]",9,527,4048150000.0,388588000.0,1703660000.0,1106460000.0,,"Head Office, NSIA Insurance, Accra",,,,,False,False,True,True,"[""General Insurance"", ""Motor Insurance"", ""Property Insurance""]",Individual and Corporate,True,False,,,4,2025-09-14 18:51:07,2025-09-11 10:55:21,2025-09-14 18:51:07,,,,,ACTIVE
304,PREMIER Insurance,,/insurances/PREMIER.png,https://www.premier.com.gh,+233 30 266 2036,info@premier.com.gh,"Head Office, PREMIER Insurance, Accra",,,Ghana,,NIC037,,1971-01-01 00:00:00,General Insurance,,"[""Motor Insurance"", ""Property Insurance"", ""Health Insurance"", ""Life Insurance""]",,"[""Greater Accra"", ""Ashanti"", ""Western"", ""Central"", ""Eastern"", ""Volta"", ""Northern"", ""Upper East"", ""Upper West"", ""Brong Ahafo""]",70,843,3603650000.0,402277000.0,1482620000.0,1223500000.0,,"Head Office, PREMIER Insurance, Accra",,,,,False,False,True,True,"[""General Insurance"", ""Motor Insurance"", ""Property Insurance""]",Individual and Corporate,True,False,,,4,2025-09-14 18:51:07,2025-09-11 10:55:21,2025-09-14 18:51:07,,,,,ACTIVE
305,Priority Insurance,,/insurances/Priority.jpeg,https://www.priority.com.gh,+233 30 266 2037,info@priority.com.gh,"Head Office, Priority Insurance, Accra",,,Ghana,,NIC038,,1981-01-01 00:00:00,General Insurance,,"[""Motor Insurance"", ""Property Insurance"", ""Health Insurance"", ""Life Insurance""]",,"[""Greater Accra"", ""Ashanti"", ""Western"", ""Central"", ""Eastern"", ""Volta"", ""Northern"", ""Upper East"", ""Upper West"", ""Brong Ahafo""]",82,87,3861000000.0,649371000.0,462443000.0,303969000.0,,"Head Office, Priority Insurance, Accra",,,,,False,False,True,True,"[""General Insurance"", ""Motor Insurance"", ""Property Insurance""]",Individual and Corporate,True,False,,,4,2025-09-14 18:51:07,2025-09-11 10:55:21,2025-09-14 18:51:07,,,,,ACTIVE
307,Quality Insurance,,/insurances/Quality.png,https://www.quality.com.gh,+233 30 266 2039,info@quality.com.gh,"Head Office, Quality Insurance, Accra",,,Ghana,,NIC040,,2013-01-01 00:00:00,General Insurance,,"[""Motor Insurance"", ""Property Insurance"", ""Health Insurance"", ""Life Insurance""]",,"[""Greater Accra"", ""Ashanti"", ""Western"", ""Central"", ""Eastern"", ""Volta"", ""Northern"", ""Upper East"", ""Upper West"", ""Brong Ahafo""]",79,847,668392000.0,612888000.0,1623400000.0,936051000.0,,"Head Office, Quality Insurance, Accra",,,,,False,False,True,True,"[""General Insurance"", ""Motor Insurance"", ""Property Insurance""]",Individual and Corporate,True,False,,,6,2025-09-14 18:52:20,2025-09-11 10:55:21,2025-09-14 18:52:20,,,,,ACTIVE
308,RegencyNem Insurance,,/insurances/RegencyNem.jpeg,https://www.regencynem.com.gh,+233 30 266 2040,info@regencynem.com.gh,"Head Office, RegencyNem Insurance, Accra",,,Ghana,,NIC041,,1998-01-01 00:00:00,General Insurance,,"[""Motor Insurance"", ""Property Insurance"", ""Health Insurance"", ""Life Insurance""]",,"[""Greater Accra"", ""Ashanti"", ""Western"", ""Central"", ""Eastern"", ""Volta"", ""Northern"", ""Upper East"", ""Upper West"", ""Brong Ahafo""]",73,985,891955000.0,159428000.0,1817500000.0,401334000.0,,"Head Office, RegencyNem Insurance, Accra",,,,,False,False,True,True,"[""General Insurance"", ""Motor Insurance"", ""Property Insurance""]",Individual and Corporate,True,False,,,6,2025-09-14 18:52:20,2025-09-11 10:55:21,2025-09-14 18:52:20,,,,,ACTIVE
309,SANLAM ALLIANZ Insurance,,/insurances/SANLAM ALLIANZ.jpeg,https://www.sanlamallianz.com.gh,+233 30 266 2041,info@sanlamallianz.com.gh,"Head Office, SANLAM ALLIANZ Insurance, Accra",,,Ghana,,NIC042,,1960-01-01 00:00:00,General Insurance,,"[""Motor Insurance"", ""Property Insurance"", ""Health Insurance"", ""Life Insurance""]",,"[""Greater Accra"", ""Ashanti"", ""Western"", ""Central"", ""Eastern"", ""Volta"", ""Northern"", ""Upper East"", ""Upper West"", ""Brong Ahafo""]",83,654,4168960000.0,621262000.0,1185530000.0,910481000.0,,"Head Office, SANLAM ALLIANZ Insurance, Accra",,,,,False,False,True,True,"[""General Insurance"", ""Motor Insurance"", ""Property Insurance""]",Individual and Corporate,True,False,,,6,2025-09-14 18:52:20,2025-09-11 10:55:21,2025-09-14 18:52:20,,,,,ACTIVE
310,SERENE Insurance,,/insurances/SERENE.png,https://www.serene.com.gh,+233 30 266 2042,info@serene.com.gh,"Head Office, SERENE Insurance, Accra",,,Ghana,,NIC043,,1965-01-01 00:00:00,General Insurance,,"[""Motor Insurance"", ""Property Insurance"", ""Health Insurance"", ""Life Insurance""]",,"[""Greater Accra"", ""Ashanti"", ""Western"", ""Central"", ""Eastern"", ""Volta"", ""Northern"", ""Upper East"", ""Upper West"", ""Brong Ahafo""]",24,715,3300940000.0,304984000.0,1911570000.0,808421000.0,,"Head Office, SERENE Insurance, Accra",,,,,False,False,True,True,"[""General Insurance"", ""Motor Insurance"", ""Property Insurance""]",Individual and Corporate,True,False,,,6,2025-09-14 18:52:20,2025-09-11 10:55:21,2025-09-14 18:52:20,,,,,ACTIVE
303,Phoenix Insurance,,/insurances/Phoenix.jpeg,https://www.phoenix.com.gh,+233 30 266 2035,info@phoenix.com.gh,"Head Office, Phoenix Insurance, Accra",,,Ghana,,NIC036,,1967-01-01 00:00:00,General Insurance,,"[""Motor Insurance"", ""Property Insurance"", ""Health Insurance"", ""Life Insurance""]",,"[""Greater Accra"", ""Ashanti"", ""Western"", ""Central"", ""Eastern"", ""Volta"", ""Northern"", ""Upper East"", ""Upper West"", ""Brong Ahafo""]",94,778,1834960000.0,694566000.0,1164870000.0,820585000.0,,"Head Office, Phoenix Insurance, Accra",,,,,False,False,True,True,"[""General Insurance"", ""Motor Insurance"", ""Property Insurance""]",Individual and Corporate,True,False,,,7,2025-09-28 05:11:51.706324,2025-09-11 10:55:21,2025-09-28 05:11:51.706324,,,,,ACTIVE
311,STAR HEALTH Insurance,,/insurances/STAR HEALTH.png,https://www.starhealth.com.gh,+233 30 266 2043,info@starhealth.com.gh,"Head Office, STAR HEALTH Insurance, Accra",,,Ghana,,NIC044,,2008-01-01 00:00:00,Health Insurance,,"[""Motor Insurance"", ""Property Insurance"", ""Health Insurance"", ""Life Insurance""]",,"[""Greater Accra"", ""Ashanti"", ""Western"", ""Central"", ""Eastern"", ""Volta"", ""Northern"", ""Upper East"", ""Upper West"", ""Brong Ahafo""]",94,807,1588520000.0,153604000.0,1413220000.0,463782000.0,,"Head Office, STAR HEALTH Insurance, Accra",,,,,False,False,True,True,"[""Health Insurance"", ""Motor Insurance"", ""Property Insurance""]",Individual and Corporate,True,False,,,6,2025-09-14 18:52:20,2025-09-11 10:55:21,2025-09-14 18:52:20,,,,,ACTIVE
312,STAR Insurance,,/insurances/STAR.jpeg,https://www.star.com.gh,+233 30 266 2044,info@star.com.gh,"Head Office, STAR Insurance, Accra",,,Ghana,,NIC045,,1991-01-01 00:00:00,General Insurance,,"[""Motor Insurance"", ""Property Insurance"", ""Health Insurance"", ""Life Insurance""]",,"[""Greater Accra"", ""Ashanti"", ""Western"", ""Central"", ""Eastern"", ""Volta"", ""Northern"", ""Upper East"", ""Upper West"", ""Brong Ahafo""]",82,201,1116090000.0,134159000.0,1617190000.0,395280000.0,,"Head Office, STAR Insurance, Accra",,,,,False,False,True,True,"[""General Insurance"", ""Motor Insurance"", ""Property Insurance""]",Individual and Corporate,True,False,,,6,2025-09-14 18:52:20,2025-09-11 10:55:21,2025-09-14 18:52:20,,,,,ACTIVE
313,SUNU Insurance,,/insurances/SUNU.png,https://www.sunu.com.gh,+233 30 266 2045,info@sunu.com.gh,"Head Office, SUNU Insurance, Accra",,,Ghana,,NIC046,,2005-01-01 00:00:00,General Insurance,,"[""Motor Insurance"", ""Property Insurance"", ""Health Insurance"", ""Life Insurance""]",,"[""Greater Accra"", ""Ashanti"", ""Western"", ""Central"", ""Eastern"", ""Volta"", ""Northern"", ""Upper East"", ""Upper West"", ""Brong Ahafo""]",84,128,3218270000.0,549123000.0,1378660000.0,367966000.0,,"Head Office, SUNU Insurance, Accra",,,,,False,False,True,True,"[""General Insurance"", ""Motor Insurance"", ""Property Insurance""]",Individual and Corporate,True,False,,,0,,2025-09-11 10:55:21,2025-09-11 10:55:21,,,,,ACTIVE
314,UNIQUE Insurance,,/insurances/UNIQUE.png,https://www.unique.com.gh,+233 30 266 2046,info@unique.com.gh,"Head Office, UNIQUE Insurance, Accra",,,Ghana,,NIC047,,1976-01-01 00:00:00,General Insurance,,"[""Motor Insurance"", ""Property Insurance"", ""Health Insurance"", ""Life Insurance""]",,"[""Greater Accra"", ""Ashanti"", ""Western"", ""Central"", ""Eastern"", ""Volta"", ""Northern"", ""Upper East"", ""Upper West"", ""Brong Ahafo""]",45,320,3460440000.0,975659000.0,90437300.0,117579000.0,,"Head Office, UNIQUE Insurance, Accra",,,,,False,False,True,True,"[""General Insurance"", ""Motor Insurance"", ""Property Insurance""]",Individual and Corporate,True,False,,,0,,2025-09-11 10:55:21,2025-09-11 10:55:21,,,,,ACTIVE
316,VITALITY Insurance,,/insurances/VITALITY.jpeg,https://www.vitality.com.gh,+233 30 266 2048,info@vitality.com.gh,"Head Office, VITALITY Insurance, Accra",,,Ghana,,NIC049,,2005-01-01 00:00:00,Health Insurance,,"[""Motor Insurance"", ""Property Insurance"", ""Health Insurance"", ""Life Insurance""]",,"[""Greater Accra"", ""Ashanti"", ""Western"", ""Central"", ""Eastern"", ""Volta"", ""Northern"", ""Upper East"", ""Upper West"", ""Brong Ahafo""]",100,955,3873340000.0,104994000.0,276014000.0,81598800.0,,"Head Office, VITALITY Insurance, Accra",,,,,False,False,True,True,"[""Health Insurance"", ""Motor Insurance"", ""Property Insurance""]",Individual and Corporate,True,False,,,0,,2025-09-11 10:55:21,2025-09-11 10:55:21,,,,,ACTIVE
315,VANGUARD Insurance,,/insurances/VANGUARD.jpeg,https://www.vanguard.com.gh,+233 30 266 2047,info@vanguard.com.gh,"Head Office, VANGUARD Insurance, Accra",,,Ghana,,NIC048,,1967-01-01 00:00:00,General Insurance,,"[""Motor Insurance"", ""Property Insurance"", ""Health Insurance"", ""Life Insurance""]",,"[""Greater Accra"", ""Ashanti"", ""Western"", ""Central"", ""Eastern"", ""Volta"", ""Northern"", ""Upper East"", ""Upper West"", ""Brong Ahafo""]",46,661,4805860000.0,135736000.0,950743000.0,1146080000.0,,"Head Office, VANGUARD Insurance, Accra",,,,,False,False,True,True,"[""General Insurance"", ""Motor Insurance"", ""Property Insurance""]",Individual and Corporate,True,False,,,1,2025-09-27 18:14:03.093570,2025-09-11 10:55:21,2025-09-27 18:14:03.093570,,,,,ACTIVE
276,APEX Insurance,,/insurances/APEX.png,https://www.apex.com.gh,+233 30 266 2008,info@apex.com.gh,"Head Office, APEX Insurance, Accra",,,Ghana,,NIC009,,1997-01-01 00:00:00,General Insurance,,"[""Motor Insurance"", ""Property Insurance"", ""Health Insurance"", ""Life Insurance""]",,"[""Greater Accra"", ""Ashanti"", ""Western"", ""Central"", ""Eastern"", ""Volta"", ""Northern"", ""Upper East"", ""Upper West"", ""Brong Ahafo""]",79,818,3076960000.0,251614000.0,390280000.0,1397560000.0,,"Head Office, APEX Insurance, Accra",,,,,False,False,True,True,"[""General Insurance"", ""Motor Insurance"", ""Property Insurance""]",Individual and Corporate,True,False,,,278,2025-09-30 07:50:18.303626,2025-09-11 10:55:21,2025-09-30 07:50:18.303626,,,,,ACTIVE
273,ACACIA Insurance,,/insurances/ACACIA.jpeg,https://www.acacia.com.gh,+233 30 266 2005,info@acacia.com.gh,"Head Office, ACACIA Insurance, Accra",,,Ghana,,NIC006,,2012-01-01 00:00:00,General Insurance,,"[""Motor Insurance"", ""Property Insurance"", ""Health Insurance"", ""Life Insurance""]",,"[""Greater Accra"", ""Ashanti"", ""Western"", ""Central"", ""Eastern"", ""Volta"", ""Northern"", ""Upper East"", ""Upper West"", ""Brong Ahafo""]",18,251,2307630000.0,961363000.0,872303000.0,847281000.0,,"Head Office, ACACIA Insurance, Accra",,,,,False,False,True,True,"[""General Insurance"", ""Motor Insurance"", ""Property Insurance""]",Individual and Corporate,True,False,,,284,2025-09-30 07:50:18.303626,2025-09-11 10:55:21,2025-09-30 07:50:18.303626,,,,,ACTIVE
274,ACE Insurance,,/insurances/ACE.png,https://www.ace.com.gh,+233 30 266 2006,info@ace.com.gh,"Head Office, ACE Insurance, Accra",,,Ghana,,NIC007,,1978-01-01 00:00:00,General Insurance,,"[""Motor Insurance"", ""Property Insurance"", ""Health Insurance"", ""Life Insurance""]",,"[""Greater Accra"", ""Ashanti"", ""Western"", ""Central"", ""Eastern"", ""Volta"", ""Northern"", ""Upper East"", ""Upper West"", ""Brong Ahafo""]",87,977,518761000.0,297049000.0,821548000.0,1411620000.0,,"Head Office, ACE Insurance, Accra",,,,,False,False,True,True,"[""General Insurance"", ""Motor Insurance"", ""Property Insurance""]",Individual and Corporate,True,False,,,285,2025-09-30 07:50:18.303626,2025-09-11 10:55:21,2025-09-30 07:50:18.303626,,,,,ACTIVE
275,ACTVA Insurance,,/insurances/ACTVA.jpeg,https://www.actva.com.gh,+233 30 266 2007,info@actva.com.gh,"Head Office, ACTVA Insurance, Accra",,,Ghana,,NIC008,,1997-01-01 00:00:00,General Insurance,,"[""Motor Insurance"", ""Property Insurance"", ""Health Insurance"", ""Life Insurance""]",,"[""Greater Accra"", ""Ashanti"", ""Western"", ""Central"", ""Eastern"", ""Volta"", ""Northern"", ""Upper East"", ""Upper West"", ""Brong Ahafo""]",70,435,3965320000.0,58319900.0,1186360000.0,263632000.0,,"Head Office, ACTVA Insurance, Accra",,,,,False,False,True,True,"[""General Insurance"", ""Motor Insurance"", ""Property Insurance""]",Individual and Corporate,True,False,,,283,2025-09-30 07:50:18.303626,2025-09-11 10:55:21,2025-09-30 07:50:18.303626,,,,,ACTIVE
278,BEDROCK Insurance,,/insurances/BEDROCK.png,https://www.bedrock.com.gh,+233 30 266 2010,info@bedrock.com.gh,"Head Office, BEDROCK Insurance, Accra",,,Ghana,,NIC011,,2003-01-01 00:00:00,General Insurance,,"[""Motor Insurance"", ""Property Insurance"", ""Health Insurance"", ""Life Insurance""]",,"[""Greater Accra"", ""Ashanti"", ""Western"", ""Central"", ""Eastern"", ""Volta"", ""Northern"", ""Upper East"", ""Upper West"", ""Brong Ahafo""]",31,107,4995750000.0,822609000.0,1285450000.0,360126000.0,,"Head Office, BEDROCK Insurance, Accra",,,,,False,False,True,True,"[""General Insurance"", ""Motor Insurance"", ""Property Insurance""]",Individual and Corporate,True,False,,,276,2025-09-30 07:50:18.303626,2025-09-11 10:55:21,2025-09-30 07:50:18.303626,,,,,ACTIVE
279,BEIGE ASSURE Insurance,,/insurances/BEIGE ASSURE.png,https://www.beigeassure.com.gh,+233 30 266 2011,info@beigeassure.com.gh,"Head Office, BEIGE ASSURE Insurance, Accra",,,Ghana,,NIC012,,1990-01-01 00:00:00,Life Insurance,,"[""Motor Insurance"", ""Property Insurance"", ""Health Insurance"", ""Life Insurance""]",,"[""Greater Accra"", ""Ashanti"", ""Western"", ""Central"", ""Eastern"", ""Volta"", ""Northern"", ""Upper East"", ""Upper West"", ""Brong Ahafo""]",24,266,2851460000.0,245381000.0,1872220000.0,998462000.0,,"Head Office, BEIGE ASSURE Insurance, Accra",,,,,False,False,True,True,"[""Life Insurance"", ""Motor Insurance"", ""Property Insurance""]",Individual and Corporate,True,False,,,276,2025-09-30 07:50:18.303626,2025-09-11 10:55:21,2025-09-30 07:50:18.303626,,,,,ACTIVE
280,BEST Insurance,,/insurances/BEST.jpeg,https://www.best.com.gh,+233 30 266 2012,info@best.com.gh,"Head Office, BEST Insurance, Accra",,,Ghana,,NIC013,,2014-01-01 00:00:00,General Insurance,,"[""Motor Insurance"", ""Property Insurance"", ""Health Insurance"", ""Life Insurance""]",,"[""Greater Accra"", ""Ashanti"", ""Western"", ""Central"", ""Eastern"", ""Volta"", ""Northern"", ""Upper East"", ""Upper West"", ""Brong Ahafo""]",24,831,799155000.0,793540000.0,970419000.0,1425820000.0,,"Head Office, BEST Insurance, Accra",,,,,False,False,True,True,"[""General Insurance"", ""Motor Insurance"", ""Property Insurance""]",Individual and Corporate,True,False,,,275,2025-09-30 07:50:18.303626,2025-09-11 10:55:21,2025-09-30 07:50:18.303626,,,,,ACTIVE
281,CORONATION Insurance,,/insurances/CORONATION.png,https://www.coronation.com.gh,+233 30 266 2013,info@coronation.com.gh,"Head Office, CORONATION Insurance, Accra",,,Ghana,,NIC014,,1971-01-01 00:00:00,General Insurance,,"[""Motor Insurance"", ""Property Insurance"", ""Health Insurance"", ""Life Insurance""]",,"[""Greater Accra"", ""Ashanti"", ""Western"", ""Central"", ""Eastern"", ""Volta"", ""Northern"", ""Upper East"", ""Upper West"", ""Brong Ahafo""]",22,74,586498000.0,578827000.0,1167500000.0,1209320000.0,,"Head Office, CORONATION Insurance, Accra",,,,,False,False,True,True,"[""General Insurance"", ""Motor Insurance"", ""Property Insurance""]",Individual and Corporate,True,False,,,275,2025-09-30 07:50:18.303626,2025-09-11 10:55:21,2025-09-30 07:50:18.303626,,,,,ACTIVE
277,ASTERLIFE Insurance,,/insurances/ASTERLIFE.htm,https://www.asterlife.com.gh,+233 30 266 2009,info@asterlife.com.gh,"Head Office, ASTERLIFE Insurance, Accra",,,Ghana,,NIC010,,1993-01-01 00:00:00,Life Insurance,,"[""Motor Insurance"", ""Property Insurance"", ""Health Insurance"", ""Life Insurance""]",,"[""Greater Accra"", ""Ashanti"", ""Western"", ""Central"", ""Eastern"", ""Volta"", ""Northern"", ""Upper East"", ""Upper West"", ""Brong Ahafo""]",94,375,4098340000.0,489300000.0,1194640000.0,254735000.0,,"Head Office, ASTERLIFE Insurance, Accra",,,,,False,False,True,True,"[""Life Insurance"", ""Motor Insurance"", ""Property Insurance""]",Individual and Corporate,True,False,,,279,2025-09-30 07:50:18.303626,2025-09-11 10:55:21,2025-09-30 07:50:18.303626,,,,,ACTIVE
300,NATIONAWIDE MEDICAL Insurance,,/insurances/NATIONAWIDE MEDICAL.png,https://www.nationawidemedical.com.gh,+233 30 266 2032,info@nationawidemedical.com.gh,"Head Office, NATIONAWIDE MEDICAL Insurance, Accra",,,Ghana,,NIC033,,2011-01-01 00:00:00,Health Insurance,,"[""Motor Insurance"", ""Property Insurance"", ""Health Insurance"", ""Life Insurance""]",,"[""Greater Accra"", ""Ashanti"", ""Western"", ""Central"", ""Eastern"", ""Volta"", ""Northern"", ""Upper East"", ""Upper West"", ""Brong Ahafo""]",82,737,3450340000.0,885808000.0,1917230000.0,631860000.0,,"Head Office, NATIONAWIDE MEDICAL Insurance, Accra",,,,,False,False,True,True,"[""Health Insurance"", ""Motor Insurance"", ""Property Insurance""]",Individual and Corporate,True,False,,,6,2025-09-27 18:14:03.093570,2025-09-11 10:55:21,2025-09-27 18:14:03.093570,,,,,ACTIVE
302,OLD MUTUAL Insurance,,/insurances/OLD MUTUAL.jpeg,https://www.oldmutual.com.gh,+233 30 266 2034,info@oldmutual.com.gh,"Head Office, OLD MUTUAL Insurance, Accra",,,Ghana,,NIC035,,1975-01-01 00:00:00,Life Insurance,,"[""Motor Insurance"", ""Property Insurance"", ""Health Insurance"", ""Life Insurance""]",,"[""Greater Accra"", ""Ashanti"", ""Western"", ""Central"", ""Eastern"", ""Volta"", ""Northern"", ""Upper East"", ""Upper West"", ""Brong Ahafo""]",36,680,4940130000.0,890074000.0,513164000.0,197880000.0,,"Head Office, OLD MUTUAL Insurance, Accra",,,,,False,False,True,True,"[""Life Insurance"", ""Motor Insurance"", ""Property Insurance""]",Individual and Corporate,True,False,,,5,2025-09-27 18:14:03.093570,2025-09-11 10:55:21,2025-09-27 18:14:03.093570,,,,,ACTIVE
306,Provident Insurance,,/insurances/Provident.jpeg,https://www.provident.com.gh,+233 30 266 2038,info@provident.com.gh,"Head Office, Provident Insurance, Accra",,,Ghana,,NIC039,,1975-01-01 00:00:00,General Insurance,,"[""Motor Insurance"", ""Property Insurance"", ""Health Insurance"", ""Life Insurance""]",,"[""Greater Accra"", ""Ashanti"", ""Western"", ""Central"", ""Eastern"", ""Volta"", ""Northern"", ""Upper East"", ""Upper West"", ""Brong Ahafo""]",59,788,4343000000.0,235908000.0,1541930000.0,237880000.0,,"Head Office, Provident Insurance, Accra",,,,,False,False,True,True,"[""General Insurance"", ""Motor Insurance"", ""Property Insurance""]",Individual and Corporate,True,False,,,7,2025-09-27 18:14:03.093570,2025-09-11 10:55:21,2025-09-27 18:14:03.093570,,,,,ACTIVE
272,Prudential Life Insurance Ghana,,/insurances/PRUDENTIAL.png,https://www.prudentiallifeghana.com.gh,+233 30 266 2004,info@prudentiallifeghana.com.gh,"Head Office, Prudential Life Insurance Ghana, Accra",,,Ghana,,NIC005,,1973-01-01 00:00:00,Life Insurance,,"[""Motor Insurance"", ""Property Insurance"", ""Health Insurance"", ""Life Insurance""]","['Prudential Life Insurance Ghana Limited', 'Prudential Life Ghana', 'Prudential Ghana', 'Prudential Life Insurance Co. Ltd', 'Prudential Insurance Ghana', 'Prudential Life Assurance Ghana']","[""Greater Accra"", ""Ashanti"", ""Western"", ""Central"", ""Eastern"", ""Volta"", ""Northern"", ""Upper East"", ""Upper West"", ""Brong Ahafo""]",16,245,1123880000.0,490096000.0,737113000.0,1034660000.0,,"Head Office, Prudential Life Insurance Ghana, Accra",,,,,False,False,True,True,"[""Life Insurance"", ""Motor Insurance"", ""Property Insurance""]",Individual and Corporate,True,False,,,11,2025-09-28 05:11:51.706324,2025-09-11 10:55:21,2025-09-28 05:11:51.706324,,,,,ACTIVE
290,GHANA UNION ASSURANCE,,/insurances/GHANA UNION ASSURANCE.png,https://www.ghanaunionassurance.com.gh,+233 30 266 2022,info@ghanaunionassurance.com.gh,"Head Office, GHANA UNION ASSURANCE, Accra",,,Ghana,,NIC023,,1981-01-01 00:00:00,General Insurance,,"[""Motor Insurance"", ""Property Insurance"", ""Health Insurance"", ""Life Insurance""]",,"[""Greater Accra"", ""Ashanti"", ""Western"", ""Central"", ""Eastern"", ""Volta"", ""Northern"", ""Upper East"", ""Upper West"", ""Brong Ahafo""]",42,441,3130740000.0,756009000.0,205769000.0,1140590000.0,,"Head Office, GHANA UNION ASSURANCE, Accra",,,,,False,False,True,True,"[""General Insurance"", ""Motor Insurance"", ""Property Insurance""]",Individual and Corporate,True,False,,,10,2025-09-28 07:23:08.426408,2025-09-11 10:55:21,2025-09-28 07:23:08.426408,,,,,ACTIVE
286,EQUITY Insurance,,/insurances/EQUITY.jpeg,https://www.equity.com.gh,+233 30 266 2018,info@equity.com.gh,"Head Office, EQUITY Insurance, Accra",,,Ghana,,NIC019,,1970-01-01 00:00:00,General Insurance,,"[""Motor Insurance"", ""Property Insurance"", ""Health Insurance"", ""Life Insurance""]",,"[""Greater Accra"", ""Ashanti"", ""Western"", ""Central"", ""Eastern"", ""Volta"", ""Northern"", ""Upper East"", ""Upper West"", ""Brong Ahafo""]",58,74,837963000.0,76970500.0,150115000.0,1321260000.0,,"Head Office, EQUITY Insurance, Accra",,,,,False,False,True,True,"[""General Insurance"", ""Motor Insurance"", ""Property Insurance""]",Individual and Corporate,True,False,,,12,2025-09-28 07:23:02.987109,2025-09-11 10:55:21,2025-09-28 07:23:02.987109,,,,,ACTIVE
287,ESICH LIFE Insurance,,/insurances/ESICH LIFE.jpeg,https://www.esichlife.com.gh,+233 30 266 2019,info@esichlife.com.gh,"Head Office, ESICH LIFE Insurance, Accra",,,Ghana,,NIC020,,1992-01-01 00:00:00,Life Insurance,,"[""Motor Insurance"", ""Property Insurance"", ""Health Insurance"", ""Life Insurance""]",,"[""Greater Accra"", ""Ashanti"", ""Western"", ""Central"", ""Eastern"", ""Volta"", ""Northern"", ""Upper East"", ""Upper West"", ""Brong Ahafo""]",27,693,941986000.0,804172000.0,114835000.0,952336000.0,,"Head Office, ESICH LIFE Insurance, Accra",,,,,False,False,True,True,"[""Life Insurance"", ""Motor Insurance"", ""Property Insurance""]",Individual and Corporate,True,False,,,18,2025-09-28 07:23:02.987109,2025-09-11 10:55:21,2025-09-28 07:23:02.987109,,,,,ACTIVE
288,FIRST INSURANCE,,/insurances/FIRST INSURANCE.jpeg,https://www.first.com.gh,+233 30 266 2020,info@first.com.gh,"Head Office, FIRST INSURANCE, Accra",,,Ghana,,NIC021,,1982-01-01 00:00:00,General Insurance,,"[""Motor Insurance"", ""Property Insurance"", ""Health Insurance"", ""Life Insurance""]",,"[""Greater Accra"", ""Ashanti"", ""Western"", ""Central"", ""Eastern"", ""Volta"", ""Northern"", ""Upper East"", ""Upper West"", ""Brong Ahafo""]",50,259,4435910000.0,577905000.0,1037320000.0,508895000.0,,"Head Office, FIRST INSURANCE, Accra",,,,,False,False,True,True,"[""General Insurance"", ""Motor Insurance"", ""Property Insurance""]",Individual and Corporate,True,False,,,13,2025-09-28 07:23:02.987109,2025-09-11 10:55:21,2025-09-28 07:23:02.987109,,,,,ACTIVE
291,GHIC Insurance,,/insurances/GHIC.png,https://www.ghic.com.gh,+233 30 266 2023,info@ghic.com.gh,"Head Office, GHIC Insurance, Accra",,,Ghana,,NIC024,,2007-01-01 00:00:00,General Insurance,,"[""Motor Insurance"", ""Property Insurance"", ""Health Insurance"", ""Life Insurance""]",,"[""Greater Accra"", ""Ashanti"", ""Western"", ""Central"", ""Eastern"", ""Volta"", ""Northern"", ""Upper East"", ""Upper West"", ""Brong Ahafo""]",82,715,1480770000.0,77503100.0,1276550000.0,407555000.0,,"Head Office, GHIC Insurance, Accra",,,,,False,False,True,True,"[""General Insurance"", ""Motor Insurance"", ""Property Insurance""]",Individual and Corporate,True,False,,,9,2025-09-28 07:23:08.426408,2025-09-11 10:55:21,2025-09-28 07:23:08.426408,,,,,ACTIVE
293,HERITAGE ENERGY INSURANCE,,/insurances/HERITAGE ENERGY INSURANCE.png,https://www.heritageenergy.com.gh,+233 30 266 2025,info@heritageenergy.com.gh,"Head Office, HERITAGE ENERGY INSURANCE, Accra",,,Ghana,,NIC026,,2005-01-01 00:00:00,General Insurance,,"[""Motor Insurance"", ""Property Insurance"", ""Health Insurance"", ""Life Insurance""]",,"[""Greater Accra"", ""Ashanti"", ""Western"", ""Central"", ""Eastern"", ""Volta"", ""Northern"", ""Upper East"", ""Upper West"", ""Brong Ahafo""]",34,858,3568990000.0,207381000.0,1703440000.0,90736300.0,,"Head Office, HERITAGE ENERGY INSURANCE, Accra",,,,,False,False,True,True,"[""General Insurance"", ""Motor Insurance"", ""Property Insurance""]",Individual and Corporate,True,False,,,9,2025-09-28 07:23:08.426408,2025-09-11 10:55:21,2025-09-28 07:23:08.426408,,,,,ACTIVE
294,HOLLARD Insurance,,/insurances/HOLLARD.jpeg,https://www.hollard.com.gh,+233 30 266 2026,info@hollard.com.gh,"Head Office, HOLLARD Insurance, Accra",,,Ghana,,NIC027,,1989-01-01 00:00:00,General Insurance,,"[""Motor Insurance"", ""Property Insurance"", ""Health Insurance"", ""Life Insurance""]",,"[""Greater Accra"", ""Ashanti"", ""Western"", ""Central"", ""Eastern"", ""Volta"", ""Northern"", ""Upper East"", ""Upper West"", ""Brong Ahafo""]",21,305,4432970000.0,471186000.0,1721710000.0,937524000.0,,"Head Office, HOLLARD Insurance, Accra",,,,,False,False,True,True,"[""General Insurance"", ""Motor Insurance"", ""Property Insurance""]",Individual and Corporate,True,False,,,10,2025-09-28 07:23:08.426408,2025-09-11 10:55:21,2025-09-28 07:23:08.426408,,,,,ACTIVE
